population,Fitness
1,1.0
1,1.0
1,1.0
1,1.0
1,1.0
1,1.0
1,1.0
1,1.0
1,1.0
1,1.0
2,0.8932117325620675
2,0.9984524818030776
2,0.9984524818030776
2,0.9984524818030776
2,0.9984524818030776
2,0.9984524818030776
2,0.9886337177734533
2,0.9984524818030776
2,0.9977646959377785
2,0.999144548154133
3,0.8908648057912791
3,0.9721446724553935
3,0.9969049636061549
3,0.9969049636061549
3,0.9969049636061549
3,0.9957013383418818
3,0.9857885452565099
3,0.9953574454092322
3,0.9791944775747076
3,0.9989727217165572
